<?xml version='1.0' encoding='utf-8' ?><?xml-stylesheet type='text/xsl' href='ExamCards.xsl' ?><UnitsExamCards><ExamCard><StudentCode>21828441</StudentCode><StudentName><![CDATA[黄丹]]></StudentName><Sex>女</Sex><ExamCode>36210103013</ExamCode><CertificateName>身份证</CertificateName><CertificateCode>511025199407024426</CertificateCode><ExamUnitName><![CDATA[上海市闵行区第二成人教育培训中心]]></ExamUnitName><ExamUnitCode>310021</ExamUnitCode><Photo>photo\c79e7a53-adee-4fb6-a6a3-092212b1875c</Photo><ExamArrange><Arrange_CE><ExamSubject><SubjectName><![CDATA[大学英语B]]></SubjectName><ExamTime>2018年04月15日 08:00 - 09:30</ExamTime><RoomName><![CDATA[3号楼3302机房]]></RoomName><SeatNO>43</SeatNO><ExamSite><Address><![CDATA[上海市闵行区景谷路125号]]></Address><Busline><![CDATA[莘荷线到景谷路碧江路站下；乘轻轨5号线到东川路站下，换乘江川2路或江川4路到景谷路碧江路站下]]></Busline><Tel><![CDATA[021-54706567]]></Tel></ExamSite></ExamSubject><ExamSubject><SubjectName><![CDATA[计算机应用基础]]></SubjectName><ExamTime>2018年04月15日 10:00 - 11:30</ExamTime><RoomName><![CDATA[3号楼3302机房]]></RoomName><SeatNO>42</SeatNO><ExamSite><Address><![CDATA[上海市闵行区景谷路125号]]></Address><Busline><![CDATA[莘荷线到景谷路碧江路站下；乘轻轨5号线到东川路站下，换乘江川2路或江川4路到景谷路碧江路站下]]></Busline><Tel><![CDATA[021-54706567]]></Tel></ExamSite></ExamSubject></Arrange_CE></ExamArrange></ExamCard></UnitsExamCards>